"hallmark","label","n_genes","size","ratio"
"HALLMARK_ALLOGRAFT_REJECTION","Allograft Rejection",14,200,0.07
"HALLMARK_INFLAMMATORY_RESPONSE","Inflammatory Response",11,200,0.055
"HALLMARK_TNFA_SIGNALING_VIA_NFKB","Tnfa Signaling via Nfkb",7,200,0.035
"HALLMARK_IL6_JAK_STAT3_SIGNALING","Il6 Jak Stat3 Signaling",6,87,0.069
"HALLMARK_EPITHELIAL_MESENCHYMAL_TRANSITION","Epithelial Mesenchymal Transition",6,200,0.03
"HALLMARK_INTERFERON_GAMMA_RESPONSE","Interferon Gamma Response",6,200,0.03
"HALLMARK_APOPTOSIS","Apoptosis",4,161,0.0248
"HALLMARK_IL2_STAT5_SIGNALING","Il2 Stat5 Signaling",4,199,0.0201
"HALLMARK_COAGULATION","Coagulation",3,138,0.0217
"HALLMARK_COMPLEMENT","Complement",3,200,0.015
"HALLMARK_HYPOXIA","Hypoxia",3,200,0.015
"HALLMARK_ANGIOGENESIS","Angiogenesis",2,36,0.0556
"HALLMARK_INTERFERON_ALPHA_RESPONSE","Interferon Alpha Response",2,97,0.0206
"HALLMARK_UNFOLDED_PROTEIN_RESPONSE","Unfolded Protein Response",2,113,0.0177
"HALLMARK_APICAL_JUNCTION","Apical Junction",2,200,0.01
"HALLMARK_GLYCOLYSIS","Glycolysis",2,200,0.01
"HALLMARK_KRAS_SIGNALING_UP","Kras Signaling Up",2,200,0.01
"HALLMARK_P53_PATHWAY","P53 Pathway",2,200,0.01
"HALLMARK_HEDGEHOG_SIGNALING","Hedgehog Signaling",1,36,0.0278
"HALLMARK_UV_RESPONSE_UP","Uv Response Up",1,158,0.0063
"HALLMARK_KRAS_SIGNALING_DN","Kras Signaling Dn",1,200,0.005
